A weather balloon is about 2 meters wide when it is near the ground. It grows to about 6 meters wide at higher altitudes. Which change most likely makes the balloon become wider at higher altitudes? 	0	0.0	1.2	0.0	1.8
A weather balloon is about 2 meters wide when it is near the ground. It grows to about 6 meters wide at higher altitudes. Which change most likely makes the balloon become wider at higher altitudes? 	1	1.2	0.6	0.0	1.5
A weather balloon is about 2 meters wide when it is near the ground. It grows to about 6 meters wide at higher altitudes. Which change most likely makes the balloon become wider at higher altitudes? 	2	1.2	0.0	0.0	1.8
A weather balloon is about 2 meters wide when it is near the ground. It grows to about 6 meters wide at higher altitudes. Which change most likely makes the balloon become wider at higher altitudes? 	3	0.0	0.0	0.0	2.2839514370486746
A weather balloon is about 2 meters wide when it is near the ground. It grows to about 6 meters wide at higher altitudes. Which change most likely makes the balloon become wider at higher altitudes? 	4	0.0	0.0	0.0	0.0
A weather balloon is about 2 meters wide when it is near the ground. It grows to about 6 meters wide at higher altitudes. Which change most likely makes the balloon become wider at higher altitudes? 	5	1.7999999999999998	0.0	0.0	0.87316024576425
A weather balloon is about 2 meters wide when it is near the ground. It grows to about 6 meters wide at higher altitudes. Which change most likely makes the balloon become wider at higher altitudes? 	6	0.0	0.6	0.0	2.1
A weather balloon is about 2 meters wide when it is near the ground. It grows to about 6 meters wide at higher altitudes. Which change most likely makes the balloon become wider at higher altitudes? 	7	0.5874100719424461	0.6	0.0	1.8
A weather balloon is about 2 meters wide when it is near the ground. It grows to about 6 meters wide at higher altitudes. Which change most likely makes the balloon become wider at higher altitudes? 	8	0.0	0.0	0.0	0.0
A weather balloon is about 2 meters wide when it is near the ground. It grows to about 6 meters wide at higher altitudes. Which change most likely makes the balloon become wider at higher altitudes? 	9	0.0	1.2	0.0	1.8
A weather balloon is about 2 meters wide when it is near the ground. It grows to about 6 meters wide at higher altitudes. Which change most likely makes the balloon become wider at higher altitudes? 	10	0.0	0.0	0.0	0.0
A weather balloon is about 2 meters wide when it is near the ground. It grows to about 6 meters wide at higher altitudes. Which change most likely makes the balloon become wider at higher altitudes? 	11	0.6	0.34371497988425526	0.0	1.1592874497106382
A weather balloon is about 2 meters wide when it is near the ground. It grows to about 6 meters wide at higher altitudes. Which change most likely makes the balloon become wider at higher altitudes? 	12	0.0	0.0	0.0	0.0
A weather balloon is about 2 meters wide when it is near the ground. It grows to about 6 meters wide at higher altitudes. Which change most likely makes the balloon become wider at higher altitudes? 	13	0.0	1.2	0.0	1.8
A weather balloon is about 2 meters wide when it is near the ground. It grows to about 6 meters wide at higher altitudes. Which change most likely makes the balloon become wider at higher altitudes? 	14	0.0	0.0	0.0	0.0
A weather balloon is about 2 meters wide when it is near the ground. It grows to about 6 meters wide at higher altitudes. Which change most likely makes the balloon become wider at higher altitudes? 	15	0.0	0.0	0.0	0.0
A weather balloon is about 2 meters wide when it is near the ground. It grows to about 6 meters wide at higher altitudes. Which change most likely makes the balloon become wider at higher altitudes? 	16	0.0	0.0	0.0	0.0
A weather balloon is about 2 meters wide when it is near the ground. It grows to about 6 meters wide at higher altitudes. Which change most likely makes the balloon become wider at higher altitudes? 	17	0.0	0.0	0.0	0.0
A weather balloon is about 2 meters wide when it is near the ground. It grows to about 6 meters wide at higher altitudes. Which change most likely makes the balloon become wider at higher altitudes? 	18	0.0	0.0	0.0	0.0
A weather balloon is about 2 meters wide when it is near the ground. It grows to about 6 meters wide at higher altitudes. Which change most likely makes the balloon become wider at higher altitudes? 	19	0.0	0.6	0.0	2.1
A weather balloon is about 2 meters wide when it is near the ground. It grows to about 6 meters wide at higher altitudes. Which change most likely makes the balloon become wider at higher altitudes? 	20	0.0	0.0	0.0	0.0
A weather balloon is about 2 meters wide when it is near the ground. It grows to about 6 meters wide at higher altitudes. Which change most likely makes the balloon become wider at higher altitudes? 	21	0.0	0.0	0.0	0.0
A weather balloon is about 2 meters wide when it is near the ground. It grows to about 6 meters wide at higher altitudes. Which change most likely makes the balloon become wider at higher altitudes? 	22	0.0	0.6	0.0	1.6537229944930094
A weather balloon is about 2 meters wide when it is near the ground. It grows to about 6 meters wide at higher altitudes. Which change most likely makes the balloon become wider at higher altitudes? 	23	0.0	0.0	0.0	0.0
A weather balloon is about 2 meters wide when it is near the ground. It grows to about 6 meters wide at higher altitudes. Which change most likely makes the balloon become wider at higher altitudes? 	24	1.2	0.0	0.0	1.1332489858272472
A weather balloon is about 2 meters wide when it is near the ground. It grows to about 6 meters wide at higher altitudes. Which change most likely makes the balloon become wider at higher altitudes? 	25	0.0	0.6	0.0	1.9718574899421277
A weather balloon is about 2 meters wide when it is near the ground. It grows to about 6 meters wide at higher altitudes. Which change most likely makes the balloon become wider at higher altitudes? 	26	0.0	0.0	0.0	1.961564017734763
A weather balloon is about 2 meters wide when it is near the ground. It grows to about 6 meters wide at higher altitudes. Which change most likely makes the balloon become wider at higher altitudes? 	27	0.0	0.6	0.0	2.1
A weather balloon is about 2 meters wide when it is near the ground. It grows to about 6 meters wide at higher altitudes. Which change most likely makes the balloon become wider at higher altitudes? 	28	0.0	0.0	0.0	0.0
A weather balloon is about 2 meters wide when it is near the ground. It grows to about 6 meters wide at higher altitudes. Which change most likely makes the balloon become wider at higher altitudes? 	29	0.0	0.0	0.0	0.0
A weather balloon is about 2 meters wide when it is near the ground. It grows to about 6 meters wide at higher altitudes. Which change most likely makes the balloon become wider at higher altitudes? 	30	0.0	0.0	0.0	0.0
 A weather balloon is about 2 meters wide when it is near the ground. It grows to about 6 meters wide at higher altitudes. Which change most likely makes the balloon become wider at higher altitudes?	0	0.0	1.2	0.0	1.8
 A weather balloon is about 2 meters wide when it is near the ground. It grows to about 6 meters wide at higher altitudes. Which change most likely makes the balloon become wider at higher altitudes?	1	1.2	0.6	0.0	1.5
 A weather balloon is about 2 meters wide when it is near the ground. It grows to about 6 meters wide at higher altitudes. Which change most likely makes the balloon become wider at higher altitudes?	2	1.2	0.0	0.0	1.8
 A weather balloon is about 2 meters wide when it is near the ground. It grows to about 6 meters wide at higher altitudes. Which change most likely makes the balloon become wider at higher altitudes?	3	0.0	0.0	0.0	2.2839514370486746
 A weather balloon is about 2 meters wide when it is near the ground. It grows to about 6 meters wide at higher altitudes. Which change most likely makes the balloon become wider at higher altitudes?	4	0.0	0.0	0.0	0.0
 A weather balloon is about 2 meters wide when it is near the ground. It grows to about 6 meters wide at higher altitudes. Which change most likely makes the balloon become wider at higher altitudes?	5	1.7999999999999998	0.0	0.0	0.87316024576425
 A weather balloon is about 2 meters wide when it is near the ground. It grows to about 6 meters wide at higher altitudes. Which change most likely makes the balloon become wider at higher altitudes?	6	0.0	0.6	0.0	2.1
 A weather balloon is about 2 meters wide when it is near the ground. It grows to about 6 meters wide at higher altitudes. Which change most likely makes the balloon become wider at higher altitudes?	7	0.5874100719424461	0.6	0.0	1.8
 A weather balloon is about 2 meters wide when it is near the ground. It grows to about 6 meters wide at higher altitudes. Which change most likely makes the balloon become wider at higher altitudes?	8	0.0	0.0	0.0	0.0
 A weather balloon is about 2 meters wide when it is near the ground. It grows to about 6 meters wide at higher altitudes. Which change most likely makes the balloon become wider at higher altitudes?	9	0.0	1.2	0.0	1.8
 A weather balloon is about 2 meters wide when it is near the ground. It grows to about 6 meters wide at higher altitudes. Which change most likely makes the balloon become wider at higher altitudes?	10	0.0	0.0	0.0	0.0
 A weather balloon is about 2 meters wide when it is near the ground. It grows to about 6 meters wide at higher altitudes. Which change most likely makes the balloon become wider at higher altitudes?	11	0.6	0.34371497988425526	0.0	1.1592874497106382
 A weather balloon is about 2 meters wide when it is near the ground. It grows to about 6 meters wide at higher altitudes. Which change most likely makes the balloon become wider at higher altitudes?	12	0.0	0.0	0.0	0.0
 A weather balloon is about 2 meters wide when it is near the ground. It grows to about 6 meters wide at higher altitudes. Which change most likely makes the balloon become wider at higher altitudes?	13	0.0	1.2	0.0	1.8
 A weather balloon is about 2 meters wide when it is near the ground. It grows to about 6 meters wide at higher altitudes. Which change most likely makes the balloon become wider at higher altitudes?	14	0.0	0.0	0.0	0.0
 A weather balloon is about 2 meters wide when it is near the ground. It grows to about 6 meters wide at higher altitudes. Which change most likely makes the balloon become wider at higher altitudes?	15	0.0	0.0	0.0	0.0
 A weather balloon is about 2 meters wide when it is near the ground. It grows to about 6 meters wide at higher altitudes. Which change most likely makes the balloon become wider at higher altitudes?	16	0.0	0.0	0.0	0.0
 A weather balloon is about 2 meters wide when it is near the ground. It grows to about 6 meters wide at higher altitudes. Which change most likely makes the balloon become wider at higher altitudes?	17	0.0	0.0	0.0	0.0
 A weather balloon is about 2 meters wide when it is near the ground. It grows to about 6 meters wide at higher altitudes. Which change most likely makes the balloon become wider at higher altitudes?	18	0.0	0.0	0.0	0.0
 A weather balloon is about 2 meters wide when it is near the ground. It grows to about 6 meters wide at higher altitudes. Which change most likely makes the balloon become wider at higher altitudes?	19	0.0	0.6	0.0	2.1
 A weather balloon is about 2 meters wide when it is near the ground. It grows to about 6 meters wide at higher altitudes. Which change most likely makes the balloon become wider at higher altitudes?	20	0.0	0.0	0.0	0.0
 A weather balloon is about 2 meters wide when it is near the ground. It grows to about 6 meters wide at higher altitudes. Which change most likely makes the balloon become wider at higher altitudes?	21	0.0	0.0	0.0	0.0
 A weather balloon is about 2 meters wide when it is near the ground. It grows to about 6 meters wide at higher altitudes. Which change most likely makes the balloon become wider at higher altitudes?	22	0.0	0.6	0.0	1.6537229944930094
 A weather balloon is about 2 meters wide when it is near the ground. It grows to about 6 meters wide at higher altitudes. Which change most likely makes the balloon become wider at higher altitudes?	23	0.0	0.0	0.0	0.0
 A weather balloon is about 2 meters wide when it is near the ground. It grows to about 6 meters wide at higher altitudes. Which change most likely makes the balloon become wider at higher altitudes?	24	1.2	0.0	0.0	1.1332489858272472
 A weather balloon is about 2 meters wide when it is near the ground. It grows to about 6 meters wide at higher altitudes. Which change most likely makes the balloon become wider at higher altitudes?	25	0.0	0.6	0.0	1.9718574899421277
 A weather balloon is about 2 meters wide when it is near the ground. It grows to about 6 meters wide at higher altitudes. Which change most likely makes the balloon become wider at higher altitudes?	26	0.0	0.0	0.0	1.961564017734763
 A weather balloon is about 2 meters wide when it is near the ground. It grows to about 6 meters wide at higher altitudes. Which change most likely makes the balloon become wider at higher altitudes?	27	0.0	0.6	0.0	2.1
 A weather balloon is about 2 meters wide when it is near the ground. It grows to about 6 meters wide at higher altitudes. Which change most likely makes the balloon become wider at higher altitudes?	28	0.0	0.0	0.0	0.0
 A weather balloon is about 2 meters wide when it is near the ground. It grows to about 6 meters wide at higher altitudes. Which change most likely makes the balloon become wider at higher altitudes?	29	0.0	0.0	0.0	0.0
 A weather balloon is about 2 meters wide when it is near the ground. It grows to about 6 meters wide at higher altitudes. Which change most likely makes the balloon become wider at higher altitudes?	30	0.0	0.0	0.0	0.0
 A weather balloon is about 2 meters wide when it is near the ground. It grows to about 6 meters wide at higher altitudes. Which change most likely makes the balloon become wider at higher altitudes?	0	0.0	1.2	0.0	1.8
 A weather balloon is about 2 meters wide when it is near the ground. It grows to about 6 meters wide at higher altitudes. Which change most likely makes the balloon become wider at higher altitudes?	1	1.2	0.6	0.0	1.5
 A weather balloon is about 2 meters wide when it is near the ground. It grows to about 6 meters wide at higher altitudes. Which change most likely makes the balloon become wider at higher altitudes?	2	1.2	0.0	0.0	1.8
 A weather balloon is about 2 meters wide when it is near the ground. It grows to about 6 meters wide at higher altitudes. Which change most likely makes the balloon become wider at higher altitudes?	3	0.0	0.0	0.0	2.2839514370486746
 A weather balloon is about 2 meters wide when it is near the ground. It grows to about 6 meters wide at higher altitudes. Which change most likely makes the balloon become wider at higher altitudes?	4	0.0	0.0	0.0	0.0
 A weather balloon is about 2 meters wide when it is near the ground. It grows to about 6 meters wide at higher altitudes. Which change most likely makes the balloon become wider at higher altitudes?	5	1.7999999999999998	0.0	0.0	0.87316024576425
 A weather balloon is about 2 meters wide when it is near the ground. It grows to about 6 meters wide at higher altitudes. Which change most likely makes the balloon become wider at higher altitudes?	6	0.0	0.6	0.0	2.1
 A weather balloon is about 2 meters wide when it is near the ground. It grows to about 6 meters wide at higher altitudes. Which change most likely makes the balloon become wider at higher altitudes?	7	0.5874100719424461	0.6	0.0	1.8
 A weather balloon is about 2 meters wide when it is near the ground. It grows to about 6 meters wide at higher altitudes. Which change most likely makes the balloon become wider at higher altitudes?	8	0.0	0.0	0.0	0.0
 A weather balloon is about 2 meters wide when it is near the ground. It grows to about 6 meters wide at higher altitudes. Which change most likely makes the balloon become wider at higher altitudes?	9	0.0	1.2	0.0	1.8
 A weather balloon is about 2 meters wide when it is near the ground. It grows to about 6 meters wide at higher altitudes. Which change most likely makes the balloon become wider at higher altitudes?	10	0.0	0.0	0.0	0.0
 A weather balloon is about 2 meters wide when it is near the ground. It grows to about 6 meters wide at higher altitudes. Which change most likely makes the balloon become wider at higher altitudes?	11	0.6	0.34371497988425526	0.0	1.1592874497106382
 A weather balloon is about 2 meters wide when it is near the ground. It grows to about 6 meters wide at higher altitudes. Which change most likely makes the balloon become wider at higher altitudes?	12	0.0	0.0	0.0	0.0
 A weather balloon is about 2 meters wide when it is near the ground. It grows to about 6 meters wide at higher altitudes. Which change most likely makes the balloon become wider at higher altitudes?	13	0.0	1.2	0.0	1.8
 A weather balloon is about 2 meters wide when it is near the ground. It grows to about 6 meters wide at higher altitudes. Which change most likely makes the balloon become wider at higher altitudes?	14	0.0	0.0	0.0	0.0
 A weather balloon is about 2 meters wide when it is near the ground. It grows to about 6 meters wide at higher altitudes. Which change most likely makes the balloon become wider at higher altitudes?	15	0.0	0.0	0.0	0.0
 A weather balloon is about 2 meters wide when it is near the ground. It grows to about 6 meters wide at higher altitudes. Which change most likely makes the balloon become wider at higher altitudes?	16	0.0	0.0	0.0	0.0
 A weather balloon is about 2 meters wide when it is near the ground. It grows to about 6 meters wide at higher altitudes. Which change most likely makes the balloon become wider at higher altitudes?	17	0.0	0.0	0.0	0.0
 A weather balloon is about 2 meters wide when it is near the ground. It grows to about 6 meters wide at higher altitudes. Which change most likely makes the balloon become wider at higher altitudes?	18	0.0	0.0	0.0	0.0
 A weather balloon is about 2 meters wide when it is near the ground. It grows to about 6 meters wide at higher altitudes. Which change most likely makes the balloon become wider at higher altitudes?	19	0.0	0.6	0.0	2.1
 A weather balloon is about 2 meters wide when it is near the ground. It grows to about 6 meters wide at higher altitudes. Which change most likely makes the balloon become wider at higher altitudes?	20	0.0	0.0	0.0	0.0
 A weather balloon is about 2 meters wide when it is near the ground. It grows to about 6 meters wide at higher altitudes. Which change most likely makes the balloon become wider at higher altitudes?	21	0.0	0.0	0.0	0.0
 A weather balloon is about 2 meters wide when it is near the ground. It grows to about 6 meters wide at higher altitudes. Which change most likely makes the balloon become wider at higher altitudes?	22	0.0	0.6	0.0	1.6537229944930094
 A weather balloon is about 2 meters wide when it is near the ground. It grows to about 6 meters wide at higher altitudes. Which change most likely makes the balloon become wider at higher altitudes?	23	0.0	0.0	0.0	0.0
 A weather balloon is about 2 meters wide when it is near the ground. It grows to about 6 meters wide at higher altitudes. Which change most likely makes the balloon become wider at higher altitudes?	24	1.2	0.0	0.0	1.1332489858272472
 A weather balloon is about 2 meters wide when it is near the ground. It grows to about 6 meters wide at higher altitudes. Which change most likely makes the balloon become wider at higher altitudes?	25	0.0	0.6	0.0	1.9718574899421277
 A weather balloon is about 2 meters wide when it is near the ground. It grows to about 6 meters wide at higher altitudes. Which change most likely makes the balloon become wider at higher altitudes?	26	0.0	0.0	0.0	1.961564017734763
 A weather balloon is about 2 meters wide when it is near the ground. It grows to about 6 meters wide at higher altitudes. Which change most likely makes the balloon become wider at higher altitudes?	27	0.0	0.6	0.0	2.1
 A weather balloon is about 2 meters wide when it is near the ground. It grows to about 6 meters wide at higher altitudes. Which change most likely makes the balloon become wider at higher altitudes?	28	0.0	0.0	0.0	0.0
 A weather balloon is about 2 meters wide when it is near the ground. It grows to about 6 meters wide at higher altitudes. Which change most likely makes the balloon become wider at higher altitudes?	29	0.0	0.0	0.0	0.0
 A weather balloon is about 2 meters wide when it is near the ground. It grows to about 6 meters wide at higher altitudes. Which change most likely makes the balloon become wider at higher altitudes?	30	0.0	0.0	0.0	0.0
 A weather balloon is about 2 meters wide when it is near the ground. It grows to about 6 meters wide at higher altitudes. Which change most likely makes the balloon become wider at higher altitudes?	0	0.0	1.2	0.0	1.8
 A weather balloon is about 2 meters wide when it is near the ground. It grows to about 6 meters wide at higher altitudes. Which change most likely makes the balloon become wider at higher altitudes?	1	1.2	0.6	0.0	1.5
 A weather balloon is about 2 meters wide when it is near the ground. It grows to about 6 meters wide at higher altitudes. Which change most likely makes the balloon become wider at higher altitudes?	2	1.2	0.0	0.0	1.8
 A weather balloon is about 2 meters wide when it is near the ground. It grows to about 6 meters wide at higher altitudes. Which change most likely makes the balloon become wider at higher altitudes?	3	0.0	0.0	0.0	2.2839514370486746
 A weather balloon is about 2 meters wide when it is near the ground. It grows to about 6 meters wide at higher altitudes. Which change most likely makes the balloon become wider at higher altitudes?	4	0.0	0.0	0.0	0.0
 A weather balloon is about 2 meters wide when it is near the ground. It grows to about 6 meters wide at higher altitudes. Which change most likely makes the balloon become wider at higher altitudes?	5	1.7999999999999998	0.0	0.0	0.87316024576425
 A weather balloon is about 2 meters wide when it is near the ground. It grows to about 6 meters wide at higher altitudes. Which change most likely makes the balloon become wider at higher altitudes?	6	0.0	0.6	0.0	2.1
 A weather balloon is about 2 meters wide when it is near the ground. It grows to about 6 meters wide at higher altitudes. Which change most likely makes the balloon become wider at higher altitudes?	7	0.5874100719424461	0.6	0.0	1.8
 A weather balloon is about 2 meters wide when it is near the ground. It grows to about 6 meters wide at higher altitudes. Which change most likely makes the balloon become wider at higher altitudes?	8	0.0	0.0	0.0	0.0
 A weather balloon is about 2 meters wide when it is near the ground. It grows to about 6 meters wide at higher altitudes. Which change most likely makes the balloon become wider at higher altitudes?	9	0.0	1.2	0.0	1.8
 A weather balloon is about 2 meters wide when it is near the ground. It grows to about 6 meters wide at higher altitudes. Which change most likely makes the balloon become wider at higher altitudes?	10	0.0	0.0	0.0	0.0
 A weather balloon is about 2 meters wide when it is near the ground. It grows to about 6 meters wide at higher altitudes. Which change most likely makes the balloon become wider at higher altitudes?	11	0.6	0.34371497988425526	0.0	1.1592874497106382
 A weather balloon is about 2 meters wide when it is near the ground. It grows to about 6 meters wide at higher altitudes. Which change most likely makes the balloon become wider at higher altitudes?	12	0.0	0.0	0.0	0.0
 A weather balloon is about 2 meters wide when it is near the ground. It grows to about 6 meters wide at higher altitudes. Which change most likely makes the balloon become wider at higher altitudes?	13	0.0	1.2	0.0	1.8
 A weather balloon is about 2 meters wide when it is near the ground. It grows to about 6 meters wide at higher altitudes. Which change most likely makes the balloon become wider at higher altitudes?	14	0.0	0.0	0.0	0.0
 A weather balloon is about 2 meters wide when it is near the ground. It grows to about 6 meters wide at higher altitudes. Which change most likely makes the balloon become wider at higher altitudes?	15	0.0	0.0	0.0	0.0
 A weather balloon is about 2 meters wide when it is near the ground. It grows to about 6 meters wide at higher altitudes. Which change most likely makes the balloon become wider at higher altitudes?	16	0.0	0.0	0.0	0.0
 A weather balloon is about 2 meters wide when it is near the ground. It grows to about 6 meters wide at higher altitudes. Which change most likely makes the balloon become wider at higher altitudes?	17	0.0	0.0	0.0	0.0
 A weather balloon is about 2 meters wide when it is near the ground. It grows to about 6 meters wide at higher altitudes. Which change most likely makes the balloon become wider at higher altitudes?	18	0.0	0.0	0.0	0.0
 A weather balloon is about 2 meters wide when it is near the ground. It grows to about 6 meters wide at higher altitudes. Which change most likely makes the balloon become wider at higher altitudes?	19	0.0	0.6	0.0	2.1
 A weather balloon is about 2 meters wide when it is near the ground. It grows to about 6 meters wide at higher altitudes. Which change most likely makes the balloon become wider at higher altitudes?	20	0.0	0.0	0.0	0.0
 A weather balloon is about 2 meters wide when it is near the ground. It grows to about 6 meters wide at higher altitudes. Which change most likely makes the balloon become wider at higher altitudes?	21	0.0	0.0	0.0	0.0
 A weather balloon is about 2 meters wide when it is near the ground. It grows to about 6 meters wide at higher altitudes. Which change most likely makes the balloon become wider at higher altitudes?	22	0.0	0.6	0.0	1.6537229944930094
 A weather balloon is about 2 meters wide when it is near the ground. It grows to about 6 meters wide at higher altitudes. Which change most likely makes the balloon become wider at higher altitudes?	23	0.0	0.0	0.0	0.0
 A weather balloon is about 2 meters wide when it is near the ground. It grows to about 6 meters wide at higher altitudes. Which change most likely makes the balloon become wider at higher altitudes?	24	1.2	0.0	0.0	1.1332489858272472
 A weather balloon is about 2 meters wide when it is near the ground. It grows to about 6 meters wide at higher altitudes. Which change most likely makes the balloon become wider at higher altitudes?	25	0.0	0.6	0.0	1.9718574899421277
 A weather balloon is about 2 meters wide when it is near the ground. It grows to about 6 meters wide at higher altitudes. Which change most likely makes the balloon become wider at higher altitudes?	26	0.0	0.0	0.0	1.961564017734763
 A weather balloon is about 2 meters wide when it is near the ground. It grows to about 6 meters wide at higher altitudes. Which change most likely makes the balloon become wider at higher altitudes?	27	0.0	0.6	0.0	2.1
 A weather balloon is about 2 meters wide when it is near the ground. It grows to about 6 meters wide at higher altitudes. Which change most likely makes the balloon become wider at higher altitudes?	28	0.0	0.0	0.0	0.0
 A weather balloon is about 2 meters wide when it is near the ground. It grows to about 6 meters wide at higher altitudes. Which change most likely makes the balloon become wider at higher altitudes?	29	0.0	0.0	0.0	0.0
 A weather balloon is about 2 meters wide when it is near the ground. It grows to about 6 meters wide at higher altitudes. Which change most likely makes the balloon become wider at higher altitudes?	30	0.0	0.0	0.0	0.0
 A weather balloon is about 2 meters wide when it is near the ground. It grows to about 6 meters wide at higher altitudes. Which change most likely makes the balloon become wider at higher altitudes?	0	0.0	1.2	0.0	1.8
 A weather balloon is about 2 meters wide when it is near the ground. It grows to about 6 meters wide at higher altitudes. Which change most likely makes the balloon become wider at higher altitudes?	1	1.2	0.6	0.0	1.5
 A weather balloon is about 2 meters wide when it is near the ground. It grows to about 6 meters wide at higher altitudes. Which change most likely makes the balloon become wider at higher altitudes?	2	1.2	0.0	0.0	1.8
 A weather balloon is about 2 meters wide when it is near the ground. It grows to about 6 meters wide at higher altitudes. Which change most likely makes the balloon become wider at higher altitudes?	3	0.0	0.0	0.0	2.2839514370486746
 A weather balloon is about 2 meters wide when it is near the ground. It grows to about 6 meters wide at higher altitudes. Which change most likely makes the balloon become wider at higher altitudes?	4	0.0	0.0	0.0	0.0
 A weather balloon is about 2 meters wide when it is near the ground. It grows to about 6 meters wide at higher altitudes. Which change most likely makes the balloon become wider at higher altitudes?	5	1.7999999999999998	0.0	0.0	0.87316024576425
 A weather balloon is about 2 meters wide when it is near the ground. It grows to about 6 meters wide at higher altitudes. Which change most likely makes the balloon become wider at higher altitudes?	6	0.0	0.6	0.0	2.1
 A weather balloon is about 2 meters wide when it is near the ground. It grows to about 6 meters wide at higher altitudes. Which change most likely makes the balloon become wider at higher altitudes?	7	0.5874100719424461	0.6	0.0	1.8
 A weather balloon is about 2 meters wide when it is near the ground. It grows to about 6 meters wide at higher altitudes. Which change most likely makes the balloon become wider at higher altitudes?	8	0.0	0.0	0.0	0.0
 A weather balloon is about 2 meters wide when it is near the ground. It grows to about 6 meters wide at higher altitudes. Which change most likely makes the balloon become wider at higher altitudes?	9	0.0	1.2	0.0	1.8
 A weather balloon is about 2 meters wide when it is near the ground. It grows to about 6 meters wide at higher altitudes. Which change most likely makes the balloon become wider at higher altitudes?	10	0.0	0.0	0.0	0.0
 A weather balloon is about 2 meters wide when it is near the ground. It grows to about 6 meters wide at higher altitudes. Which change most likely makes the balloon become wider at higher altitudes?	11	0.6	0.34371497988425526	0.0	1.1592874497106382
 A weather balloon is about 2 meters wide when it is near the ground. It grows to about 6 meters wide at higher altitudes. Which change most likely makes the balloon become wider at higher altitudes?	12	0.0	0.0	0.0	0.0
 A weather balloon is about 2 meters wide when it is near the ground. It grows to about 6 meters wide at higher altitudes. Which change most likely makes the balloon become wider at higher altitudes?	13	0.0	1.2	0.0	1.8
 A weather balloon is about 2 meters wide when it is near the ground. It grows to about 6 meters wide at higher altitudes. Which change most likely makes the balloon become wider at higher altitudes?	14	0.0	0.0	0.0	0.0
 A weather balloon is about 2 meters wide when it is near the ground. It grows to about 6 meters wide at higher altitudes. Which change most likely makes the balloon become wider at higher altitudes?	15	0.0	0.0	0.0	0.0
 A weather balloon is about 2 meters wide when it is near the ground. It grows to about 6 meters wide at higher altitudes. Which change most likely makes the balloon become wider at higher altitudes?	16	0.0	0.0	0.0	0.0
 A weather balloon is about 2 meters wide when it is near the ground. It grows to about 6 meters wide at higher altitudes. Which change most likely makes the balloon become wider at higher altitudes?	17	0.0	0.0	0.0	0.0
 A weather balloon is about 2 meters wide when it is near the ground. It grows to about 6 meters wide at higher altitudes. Which change most likely makes the balloon become wider at higher altitudes?	18	0.0	0.0	0.0	0.0
 A weather balloon is about 2 meters wide when it is near the ground. It grows to about 6 meters wide at higher altitudes. Which change most likely makes the balloon become wider at higher altitudes?	19	0.0	0.6	0.0	2.1
 A weather balloon is about 2 meters wide when it is near the ground. It grows to about 6 meters wide at higher altitudes. Which change most likely makes the balloon become wider at higher altitudes?	20	0.0	0.0	0.0	0.0
 A weather balloon is about 2 meters wide when it is near the ground. It grows to about 6 meters wide at higher altitudes. Which change most likely makes the balloon become wider at higher altitudes?	21	0.0	0.0	0.0	0.0
 A weather balloon is about 2 meters wide when it is near the ground. It grows to about 6 meters wide at higher altitudes. Which change most likely makes the balloon become wider at higher altitudes?	22	0.0	0.6	0.0	1.6537229944930094
 A weather balloon is about 2 meters wide when it is near the ground. It grows to about 6 meters wide at higher altitudes. Which change most likely makes the balloon become wider at higher altitudes?	23	0.0	0.0	0.0	0.0
 A weather balloon is about 2 meters wide when it is near the ground. It grows to about 6 meters wide at higher altitudes. Which change most likely makes the balloon become wider at higher altitudes?	24	1.2	0.0	0.0	1.1332489858272472
 A weather balloon is about 2 meters wide when it is near the ground. It grows to about 6 meters wide at higher altitudes. Which change most likely makes the balloon become wider at higher altitudes?	25	0.0	0.6	0.0	1.9718574899421277
 A weather balloon is about 2 meters wide when it is near the ground. It grows to about 6 meters wide at higher altitudes. Which change most likely makes the balloon become wider at higher altitudes?	26	0.0	0.0	0.0	1.961564017734763
 A weather balloon is about 2 meters wide when it is near the ground. It grows to about 6 meters wide at higher altitudes. Which change most likely makes the balloon become wider at higher altitudes?	27	0.0	0.6	0.0	2.1
 A weather balloon is about 2 meters wide when it is near the ground. It grows to about 6 meters wide at higher altitudes. Which change most likely makes the balloon become wider at higher altitudes?	28	0.0	0.0	0.0	0.0
 A weather balloon is about 2 meters wide when it is near the ground. It grows to about 6 meters wide at higher altitudes. Which change most likely makes the balloon become wider at higher altitudes?	29	0.0	0.0	0.0	0.0
 A weather balloon is about 2 meters wide when it is near the ground. It grows to about 6 meters wide at higher altitudes. Which change most likely makes the balloon become wider at higher altitudes?	30	0.0	0.0	0.0	0.0
 A weather balloon is about 2 meters wide when it is near the ground. It grows to about 6 meters wide at higher altitudes. Which change most likely makes the balloon become wider at higher altitudes?	0	0.0	1.2	0.0	1.8
 A weather balloon is about 2 meters wide when it is near the ground. It grows to about 6 meters wide at higher altitudes. Which change most likely makes the balloon become wider at higher altitudes?	1	1.2	0.6	0.0	1.5
 A weather balloon is about 2 meters wide when it is near the ground. It grows to about 6 meters wide at higher altitudes. Which change most likely makes the balloon become wider at higher altitudes?	2	1.2	0.0	0.0	1.8
 A weather balloon is about 2 meters wide when it is near the ground. It grows to about 6 meters wide at higher altitudes. Which change most likely makes the balloon become wider at higher altitudes?	3	0.0	0.0	0.0	2.2839514370486746
 A weather balloon is about 2 meters wide when it is near the ground. It grows to about 6 meters wide at higher altitudes. Which change most likely makes the balloon become wider at higher altitudes?	4	0.0	0.0	0.0	0.0
 A weather balloon is about 2 meters wide when it is near the ground. It grows to about 6 meters wide at higher altitudes. Which change most likely makes the balloon become wider at higher altitudes?	5	1.7999999999999998	0.0	0.0	0.87316024576425
 A weather balloon is about 2 meters wide when it is near the ground. It grows to about 6 meters wide at higher altitudes. Which change most likely makes the balloon become wider at higher altitudes?	6	0.0	0.6	0.0	2.1
 A weather balloon is about 2 meters wide when it is near the ground. It grows to about 6 meters wide at higher altitudes. Which change most likely makes the balloon become wider at higher altitudes?	7	0.5874100719424461	0.6	0.0	1.8
 A weather balloon is about 2 meters wide when it is near the ground. It grows to about 6 meters wide at higher altitudes. Which change most likely makes the balloon become wider at higher altitudes?	8	0.0	0.0	0.0	0.0
 A weather balloon is about 2 meters wide when it is near the ground. It grows to about 6 meters wide at higher altitudes. Which change most likely makes the balloon become wider at higher altitudes?	9	0.0	1.2	0.0	1.8
 A weather balloon is about 2 meters wide when it is near the ground. It grows to about 6 meters wide at higher altitudes. Which change most likely makes the balloon become wider at higher altitudes?	10	0.0	0.0	0.0	0.0
 A weather balloon is about 2 meters wide when it is near the ground. It grows to about 6 meters wide at higher altitudes. Which change most likely makes the balloon become wider at higher altitudes?	11	0.6	0.34371497988425526	0.0	1.1592874497106382
 A weather balloon is about 2 meters wide when it is near the ground. It grows to about 6 meters wide at higher altitudes. Which change most likely makes the balloon become wider at higher altitudes?	12	0.0	0.0	0.0	0.0
 A weather balloon is about 2 meters wide when it is near the ground. It grows to about 6 meters wide at higher altitudes. Which change most likely makes the balloon become wider at higher altitudes?	13	0.0	1.2	0.0	1.8
 A weather balloon is about 2 meters wide when it is near the ground. It grows to about 6 meters wide at higher altitudes. Which change most likely makes the balloon become wider at higher altitudes?	14	0.0	0.0	0.0	0.0
 A weather balloon is about 2 meters wide when it is near the ground. It grows to about 6 meters wide at higher altitudes. Which change most likely makes the balloon become wider at higher altitudes?	15	0.0	0.0	0.0	0.0
 A weather balloon is about 2 meters wide when it is near the ground. It grows to about 6 meters wide at higher altitudes. Which change most likely makes the balloon become wider at higher altitudes?	16	0.0	0.0	0.0	0.0
 A weather balloon is about 2 meters wide when it is near the ground. It grows to about 6 meters wide at higher altitudes. Which change most likely makes the balloon become wider at higher altitudes?	17	0.0	0.0	0.0	0.0
 A weather balloon is about 2 meters wide when it is near the ground. It grows to about 6 meters wide at higher altitudes. Which change most likely makes the balloon become wider at higher altitudes?	18	0.0	0.0	0.0	0.0
 A weather balloon is about 2 meters wide when it is near the ground. It grows to about 6 meters wide at higher altitudes. Which change most likely makes the balloon become wider at higher altitudes?	19	0.6	0.6	0.0	1.8
 A weather balloon is about 2 meters wide when it is near the ground. It grows to about 6 meters wide at higher altitudes. Which change most likely makes the balloon become wider at higher altitudes?	20	0.0	0.0	0.0	0.0
 A weather balloon is about 2 meters wide when it is near the ground. It grows to about 6 meters wide at higher altitudes. Which change most likely makes the balloon become wider at higher altitudes?	21	0.0	0.0	0.0	0.0
 A weather balloon is about 2 meters wide when it is near the ground. It grows to about 6 meters wide at higher altitudes. Which change most likely makes the balloon become wider at higher altitudes?	22	0.0	0.6	0.0	1.6537229944930094
 A weather balloon is about 2 meters wide when it is near the ground. It grows to about 6 meters wide at higher altitudes. Which change most likely makes the balloon become wider at higher altitudes?	23	0.0	0.0	0.0	0.0
 A weather balloon is about 2 meters wide when it is near the ground. It grows to about 6 meters wide at higher altitudes. Which change most likely makes the balloon become wider at higher altitudes?	24	1.2	0.0	0.0	1.1332489858272472
 A weather balloon is about 2 meters wide when it is near the ground. It grows to about 6 meters wide at higher altitudes. Which change most likely makes the balloon become wider at higher altitudes?	25	0.0	0.6	0.0	1.9718574899421277
 A weather balloon is about 2 meters wide when it is near the ground. It grows to about 6 meters wide at higher altitudes. Which change most likely makes the balloon become wider at higher altitudes?	26	0.0	0.0	0.0	1.961564017734763
 A weather balloon is about 2 meters wide when it is near the ground. It grows to about 6 meters wide at higher altitudes. Which change most likely makes the balloon become wider at higher altitudes?	27	0.0	0.6	0.0	2.1
 A weather balloon is about 2 meters wide when it is near the ground. It grows to about 6 meters wide at higher altitudes. Which change most likely makes the balloon become wider at higher altitudes?	28	0.0	0.0	0.0	0.0
 A weather balloon is about 2 meters wide when it is near the ground. It grows to about 6 meters wide at higher altitudes. Which change most likely makes the balloon become wider at higher altitudes?	29	0.0	0.0	0.0	0.0
 A weather balloon is about 2 meters wide when it is near the ground. It grows to about 6 meters wide at higher altitudes. Which change most likely makes the balloon become wider at higher altitudes?	30	0.0	0.0	0.0	0.0
 A weather balloon is about 2 meters wide when it is near the ground. It grows to about 6 meters wide at higher altitudes. Which change most likely makes the balloon become wider at higher altitudes?	0	0.0	1.2	0.0	1.8
 A weather balloon is about 2 meters wide when it is near the ground. It grows to about 6 meters wide at higher altitudes. Which change most likely makes the balloon become wider at higher altitudes?	1	1.2	0.6	0.0	1.5
 A weather balloon is about 2 meters wide when it is near the ground. It grows to about 6 meters wide at higher altitudes. Which change most likely makes the balloon become wider at higher altitudes?	2	1.2	0.0	0.0	1.8
 A weather balloon is about 2 meters wide when it is near the ground. It grows to about 6 meters wide at higher altitudes. Which change most likely makes the balloon become wider at higher altitudes?	3	0.0	0.0	0.0	2.2839514370486746
 A weather balloon is about 2 meters wide when it is near the ground. It grows to about 6 meters wide at higher altitudes. Which change most likely makes the balloon become wider at higher altitudes?	4	0.0	0.0	0.0	0.0
 A weather balloon is about 2 meters wide when it is near the ground. It grows to about 6 meters wide at higher altitudes. Which change most likely makes the balloon become wider at higher altitudes?	5	1.7999999999999998	0.0	0.0	0.87316024576425
 A weather balloon is about 2 meters wide when it is near the ground. It grows to about 6 meters wide at higher altitudes. Which change most likely makes the balloon become wider at higher altitudes?	6	0.0	0.6	0.0	2.1
 A weather balloon is about 2 meters wide when it is near the ground. It grows to about 6 meters wide at higher altitudes. Which change most likely makes the balloon become wider at higher altitudes?	7	0.5874100719424461	0.6	0.0	1.8
 A weather balloon is about 2 meters wide when it is near the ground. It grows to about 6 meters wide at higher altitudes. Which change most likely makes the balloon become wider at higher altitudes?	8	0.0	0.0	0.0	0.0
 A weather balloon is about 2 meters wide when it is near the ground. It grows to about 6 meters wide at higher altitudes. Which change most likely makes the balloon become wider at higher altitudes?	9	0.0	1.2	0.0	1.8
 A weather balloon is about 2 meters wide when it is near the ground. It grows to about 6 meters wide at higher altitudes. Which change most likely makes the balloon become wider at higher altitudes?	10	0.0	0.0	0.0	0.0
 A weather balloon is about 2 meters wide when it is near the ground. It grows to about 6 meters wide at higher altitudes. Which change most likely makes the balloon become wider at higher altitudes?	11	0.6	0.34371497988425526	0.0	1.1592874497106382
 A weather balloon is about 2 meters wide when it is near the ground. It grows to about 6 meters wide at higher altitudes. Which change most likely makes the balloon become wider at higher altitudes?	12	0.0	0.0	0.0	0.0
 A weather balloon is about 2 meters wide when it is near the ground. It grows to about 6 meters wide at higher altitudes. Which change most likely makes the balloon become wider at higher altitudes?	13	0.0	1.2	0.0	1.8
 A weather balloon is about 2 meters wide when it is near the ground. It grows to about 6 meters wide at higher altitudes. Which change most likely makes the balloon become wider at higher altitudes?	14	0.0	0.0	0.0	0.0
 A weather balloon is about 2 meters wide when it is near the ground. It grows to about 6 meters wide at higher altitudes. Which change most likely makes the balloon become wider at higher altitudes?	15	0.0	0.0	0.0	0.0
 A weather balloon is about 2 meters wide when it is near the ground. It grows to about 6 meters wide at higher altitudes. Which change most likely makes the balloon become wider at higher altitudes?	16	0.0	0.0	0.0	0.0
 A weather balloon is about 2 meters wide when it is near the ground. It grows to about 6 meters wide at higher altitudes. Which change most likely makes the balloon become wider at higher altitudes?	17	0.0	0.0	0.0	0.0
 A weather balloon is about 2 meters wide when it is near the ground. It grows to about 6 meters wide at higher altitudes. Which change most likely makes the balloon become wider at higher altitudes?	18	0.0	0.0	0.0	0.0
 A weather balloon is about 2 meters wide when it is near the ground. It grows to about 6 meters wide at higher altitudes. Which change most likely makes the balloon become wider at higher altitudes?	19	0.0	0.6	0.0	2.1
 A weather balloon is about 2 meters wide when it is near the ground. It grows to about 6 meters wide at higher altitudes. Which change most likely makes the balloon become wider at higher altitudes?	20	0.0	0.0	0.0	0.0
 A weather balloon is about 2 meters wide when it is near the ground. It grows to about 6 meters wide at higher altitudes. Which change most likely makes the balloon become wider at higher altitudes?	21	0.0	0.0	0.0	0.0
 A weather balloon is about 2 meters wide when it is near the ground. It grows to about 6 meters wide at higher altitudes. Which change most likely makes the balloon become wider at higher altitudes?	22	0.0	0.6	0.0	1.6537229944930094
 A weather balloon is about 2 meters wide when it is near the ground. It grows to about 6 meters wide at higher altitudes. Which change most likely makes the balloon become wider at higher altitudes?	23	0.0	0.0	0.0	0.0
 A weather balloon is about 2 meters wide when it is near the ground. It grows to about 6 meters wide at higher altitudes. Which change most likely makes the balloon become wider at higher altitudes?	24	1.2	0.0	0.0	1.1332489858272472
 A weather balloon is about 2 meters wide when it is near the ground. It grows to about 6 meters wide at higher altitudes. Which change most likely makes the balloon become wider at higher altitudes?	25	0.0	0.6	0.0	1.9718574899421277
 A weather balloon is about 2 meters wide when it is near the ground. It grows to about 6 meters wide at higher altitudes. Which change most likely makes the balloon become wider at higher altitudes?	26	0.0	0.0	0.0	1.961564017734763
 A weather balloon is about 2 meters wide when it is near the ground. It grows to about 6 meters wide at higher altitudes. Which change most likely makes the balloon become wider at higher altitudes?	27	0.0	0.6	0.0	2.1
 A weather balloon is about 2 meters wide when it is near the ground. It grows to about 6 meters wide at higher altitudes. Which change most likely makes the balloon become wider at higher altitudes?	28	0.0	0.0	0.0	0.0
 A weather balloon is about 2 meters wide when it is near the ground. It grows to about 6 meters wide at higher altitudes. Which change most likely makes the balloon become wider at higher altitudes?	29	0.0	0.0	0.0	0.0
 A weather balloon is about 2 meters wide when it is near the ground. It grows to about 6 meters wide at higher altitudes. Which change most likely makes the balloon become wider at higher altitudes?	30	0.0	0.0	0.0	0.0
 A weather balloon is about 2 meters wide when it is near the ground. It grows to about 6 meters wide at higher altitudes. Which change most likely makes the balloon become wider at higher altitudes?	0	0.0	1.2	0.0	1.8
 A weather balloon is about 2 meters wide when it is near the ground. It grows to about 6 meters wide at higher altitudes. Which change most likely makes the balloon become wider at higher altitudes?	1	1.2	0.6	0.0	1.5
 A weather balloon is about 2 meters wide when it is near the ground. It grows to about 6 meters wide at higher altitudes. Which change most likely makes the balloon become wider at higher altitudes?	2	1.2	0.0	0.0	1.8
 A weather balloon is about 2 meters wide when it is near the ground. It grows to about 6 meters wide at higher altitudes. Which change most likely makes the balloon become wider at higher altitudes?	3	0.0	0.0	0.0	2.2839514370486746
 A weather balloon is about 2 meters wide when it is near the ground. It grows to about 6 meters wide at higher altitudes. Which change most likely makes the balloon become wider at higher altitudes?	4	0.0	0.0	0.0	0.0
 A weather balloon is about 2 meters wide when it is near the ground. It grows to about 6 meters wide at higher altitudes. Which change most likely makes the balloon become wider at higher altitudes?	5	1.7999999999999998	0.0	0.0	0.87316024576425
 A weather balloon is about 2 meters wide when it is near the ground. It grows to about 6 meters wide at higher altitudes. Which change most likely makes the balloon become wider at higher altitudes?	6	0.0	0.6	0.0	2.1
 A weather balloon is about 2 meters wide when it is near the ground. It grows to about 6 meters wide at higher altitudes. Which change most likely makes the balloon become wider at higher altitudes?	7	0.5874100719424461	0.6	0.0	1.8
 A weather balloon is about 2 meters wide when it is near the ground. It grows to about 6 meters wide at higher altitudes. Which change most likely makes the balloon become wider at higher altitudes?	8	0.0	0.0	0.0	0.0
 A weather balloon is about 2 meters wide when it is near the ground. It grows to about 6 meters wide at higher altitudes. Which change most likely makes the balloon become wider at higher altitudes?	9	0.0	1.2	0.0	1.8
 A weather balloon is about 2 meters wide when it is near the ground. It grows to about 6 meters wide at higher altitudes. Which change most likely makes the balloon become wider at higher altitudes?	10	0.0	0.0	0.0	0.0
 A weather balloon is about 2 meters wide when it is near the ground. It grows to about 6 meters wide at higher altitudes. Which change most likely makes the balloon become wider at higher altitudes?	11	0.6	0.34371497988425526	0.0	1.1592874497106382
 A weather balloon is about 2 meters wide when it is near the ground. It grows to about 6 meters wide at higher altitudes. Which change most likely makes the balloon become wider at higher altitudes?	12	0.0	0.0	0.0	0.0
 A weather balloon is about 2 meters wide when it is near the ground. It grows to about 6 meters wide at higher altitudes. Which change most likely makes the balloon become wider at higher altitudes?	13	0.0	1.2	0.0	1.8
 A weather balloon is about 2 meters wide when it is near the ground. It grows to about 6 meters wide at higher altitudes. Which change most likely makes the balloon become wider at higher altitudes?	14	0.0	0.0	0.0	0.0
 A weather balloon is about 2 meters wide when it is near the ground. It grows to about 6 meters wide at higher altitudes. Which change most likely makes the balloon become wider at higher altitudes?	15	0.0	0.0	0.0	0.0
 A weather balloon is about 2 meters wide when it is near the ground. It grows to about 6 meters wide at higher altitudes. Which change most likely makes the balloon become wider at higher altitudes?	16	0.0	0.0	0.0	0.0
 A weather balloon is about 2 meters wide when it is near the ground. It grows to about 6 meters wide at higher altitudes. Which change most likely makes the balloon become wider at higher altitudes?	17	0.0	0.0	0.0	0.0
 A weather balloon is about 2 meters wide when it is near the ground. It grows to about 6 meters wide at higher altitudes. Which change most likely makes the balloon become wider at higher altitudes?	18	0.0	0.0	0.0	0.0
 A weather balloon is about 2 meters wide when it is near the ground. It grows to about 6 meters wide at higher altitudes. Which change most likely makes the balloon become wider at higher altitudes?	19	0.0	0.6	0.0	2.1
 A weather balloon is about 2 meters wide when it is near the ground. It grows to about 6 meters wide at higher altitudes. Which change most likely makes the balloon become wider at higher altitudes?	20	0.0	0.0	0.0	0.0
 A weather balloon is about 2 meters wide when it is near the ground. It grows to about 6 meters wide at higher altitudes. Which change most likely makes the balloon become wider at higher altitudes?	21	0.0	0.0	0.0	0.0
 A weather balloon is about 2 meters wide when it is near the ground. It grows to about 6 meters wide at higher altitudes. Which change most likely makes the balloon become wider at higher altitudes?	22	0.0	0.6	0.0	1.6537229944930094
 A weather balloon is about 2 meters wide when it is near the ground. It grows to about 6 meters wide at higher altitudes. Which change most likely makes the balloon become wider at higher altitudes?	23	0.0	0.0	0.0	0.0
 A weather balloon is about 2 meters wide when it is near the ground. It grows to about 6 meters wide at higher altitudes. Which change most likely makes the balloon become wider at higher altitudes?	24	1.2	0.0	0.0	1.1332489858272472
 A weather balloon is about 2 meters wide when it is near the ground. It grows to about 6 meters wide at higher altitudes. Which change most likely makes the balloon become wider at higher altitudes?	25	0.0	0.6	0.0	1.9718574899421277
 A weather balloon is about 2 meters wide when it is near the ground. It grows to about 6 meters wide at higher altitudes. Which change most likely makes the balloon become wider at higher altitudes?	26	0.0	0.0	0.0	1.961564017734763
 A weather balloon is about 2 meters wide when it is near the ground. It grows to about 6 meters wide at higher altitudes. Which change most likely makes the balloon become wider at higher altitudes?	27	0.0	0.6	0.0	2.1
 A weather balloon is about 2 meters wide when it is near the ground. It grows to about 6 meters wide at higher altitudes. Which change most likely makes the balloon become wider at higher altitudes?	28	0.0	0.0	0.0	0.0
 A weather balloon is about 2 meters wide when it is near the ground. It grows to about 6 meters wide at higher altitudes. Which change most likely makes the balloon become wider at higher altitudes?	29	0.0	0.0	0.0	0.0
 A weather balloon is about 2 meters wide when it is near the ground. It grows to about 6 meters wide at higher altitudes. Which change most likely makes the balloon become wider at higher altitudes?	30	0.0	0.0	0.0	0.0
 A weather balloon is about 2 meters wide when it is near the ground. It grows to about 6 meters wide at higher altitudes. Which change most likely makes the balloon become wider at higher altitudes?	0	0.0	1.2	0.0	1.8
 A weather balloon is about 2 meters wide when it is near the ground. It grows to about 6 meters wide at higher altitudes. Which change most likely makes the balloon become wider at higher altitudes?	1	1.2	0.6	0.0	1.5
 A weather balloon is about 2 meters wide when it is near the ground. It grows to about 6 meters wide at higher altitudes. Which change most likely makes the balloon become wider at higher altitudes?	2	1.2	0.0	0.0	1.8
 A weather balloon is about 2 meters wide when it is near the ground. It grows to about 6 meters wide at higher altitudes. Which change most likely makes the balloon become wider at higher altitudes?	3	0.0	0.0	0.0	2.2839514370486746
 A weather balloon is about 2 meters wide when it is near the ground. It grows to about 6 meters wide at higher altitudes. Which change most likely makes the balloon become wider at higher altitudes?	4	0.0	0.0	0.0	0.0
 A weather balloon is about 2 meters wide when it is near the ground. It grows to about 6 meters wide at higher altitudes. Which change most likely makes the balloon become wider at higher altitudes?	5	1.7999999999999998	0.0	0.0	0.87316024576425
 A weather balloon is about 2 meters wide when it is near the ground. It grows to about 6 meters wide at higher altitudes. Which change most likely makes the balloon become wider at higher altitudes?	6	0.0	0.6	0.0	2.1
 A weather balloon is about 2 meters wide when it is near the ground. It grows to about 6 meters wide at higher altitudes. Which change most likely makes the balloon become wider at higher altitudes?	7	0.5874100719424461	0.6	0.0	1.8
 A weather balloon is about 2 meters wide when it is near the ground. It grows to about 6 meters wide at higher altitudes. Which change most likely makes the balloon become wider at higher altitudes?	8	0.0	0.0	0.0	0.0
 A weather balloon is about 2 meters wide when it is near the ground. It grows to about 6 meters wide at higher altitudes. Which change most likely makes the balloon become wider at higher altitudes?	9	0.0	1.2	0.0	1.8
 A weather balloon is about 2 meters wide when it is near the ground. It grows to about 6 meters wide at higher altitudes. Which change most likely makes the balloon become wider at higher altitudes?	10	0.0	0.0	0.0	0.0
 A weather balloon is about 2 meters wide when it is near the ground. It grows to about 6 meters wide at higher altitudes. Which change most likely makes the balloon become wider at higher altitudes?	11	0.6	0.34371497988425526	0.0	1.1592874497106382
 A weather balloon is about 2 meters wide when it is near the ground. It grows to about 6 meters wide at higher altitudes. Which change most likely makes the balloon become wider at higher altitudes?	12	0.0	0.0	0.0	0.0
 A weather balloon is about 2 meters wide when it is near the ground. It grows to about 6 meters wide at higher altitudes. Which change most likely makes the balloon become wider at higher altitudes?	13	0.0	1.2	0.0	1.8
 A weather balloon is about 2 meters wide when it is near the ground. It grows to about 6 meters wide at higher altitudes. Which change most likely makes the balloon become wider at higher altitudes?	14	0.0	0.0	0.0	0.0
 A weather balloon is about 2 meters wide when it is near the ground. It grows to about 6 meters wide at higher altitudes. Which change most likely makes the balloon become wider at higher altitudes?	15	0.0	0.0	0.0	0.0
 A weather balloon is about 2 meters wide when it is near the ground. It grows to about 6 meters wide at higher altitudes. Which change most likely makes the balloon become wider at higher altitudes?	16	0.0	0.0	0.0	0.0
 A weather balloon is about 2 meters wide when it is near the ground. It grows to about 6 meters wide at higher altitudes. Which change most likely makes the balloon become wider at higher altitudes?	17	0.0	0.0	0.0	0.0
 A weather balloon is about 2 meters wide when it is near the ground. It grows to about 6 meters wide at higher altitudes. Which change most likely makes the balloon become wider at higher altitudes?	18	0.6	0.6	0.0	1.8
 A weather balloon is about 2 meters wide when it is near the ground. It grows to about 6 meters wide at higher altitudes. Which change most likely makes the balloon become wider at higher altitudes?	19	0.0	0.0	0.0	0.0
 A weather balloon is about 2 meters wide when it is near the ground. It grows to about 6 meters wide at higher altitudes. Which change most likely makes the balloon become wider at higher altitudes?	20	0.0	0.0	0.0	0.0
 A weather balloon is about 2 meters wide when it is near the ground. It grows to about 6 meters wide at higher altitudes. Which change most likely makes the balloon become wider at higher altitudes?	21	0.0	0.6	0.0	1.6537229944930094
 A weather balloon is about 2 meters wide when it is near the ground. It grows to about 6 meters wide at higher altitudes. Which change most likely makes the balloon become wider at higher altitudes?	22	0.0	0.0	0.0	0.0
 A weather balloon is about 2 meters wide when it is near the ground. It grows to about 6 meters wide at higher altitudes. Which change most likely makes the balloon become wider at higher altitudes?	23	1.2	0.0	0.0	1.1332489858272472
 A weather balloon is about 2 meters wide when it is near the ground. It grows to about 6 meters wide at higher altitudes. Which change most likely makes the balloon become wider at higher altitudes?	24	0.0	0.6	0.0	1.9718574899421277
 A weather balloon is about 2 meters wide when it is near the ground. It grows to about 6 meters wide at higher altitudes. Which change most likely makes the balloon become wider at higher altitudes?	25	0.0	0.0	0.0	1.961564017734763
 A weather balloon is about 2 meters wide when it is near the ground. It grows to about 6 meters wide at higher altitudes. Which change most likely makes the balloon become wider at higher altitudes?	26	0.0	0.6	0.0	2.1
 A weather balloon is about 2 meters wide when it is near the ground. It grows to about 6 meters wide at higher altitudes. Which change most likely makes the balloon become wider at higher altitudes?	27	0.0	0.0	0.0	0.0
 A weather balloon is about 2 meters wide when it is near the ground. It grows to about 6 meters wide at higher altitudes. Which change most likely makes the balloon become wider at higher altitudes?	28	0.0	0.0	0.0	0.0
 A weather balloon is about 2 meters wide when it is near the ground. It grows to about 6 meters wide at higher altitudes. Which change most likely makes the balloon become wider at higher altitudes?	29	0.0	0.0	0.0	0.0
 A weather balloon is about 2 meters wide when it is near the ground. It grows to about 6 meters wide at higher altitudes. Which change most likely makes the balloon become wider at higher altitudes?	0	0.0	1.2	0.0	1.8
 A weather balloon is about 2 meters wide when it is near the ground. It grows to about 6 meters wide at higher altitudes. Which change most likely makes the balloon become wider at higher altitudes?	1	1.2	0.6	0.0	1.5
 A weather balloon is about 2 meters wide when it is near the ground. It grows to about 6 meters wide at higher altitudes. Which change most likely makes the balloon become wider at higher altitudes?	2	1.2	0.0	0.0	1.8
 A weather balloon is about 2 meters wide when it is near the ground. It grows to about 6 meters wide at higher altitudes. Which change most likely makes the balloon become wider at higher altitudes?	3	0.0	0.0	0.0	2.2839514370486746
 A weather balloon is about 2 meters wide when it is near the ground. It grows to about 6 meters wide at higher altitudes. Which change most likely makes the balloon become wider at higher altitudes?	4	0.0	0.0	0.0	0.0
 A weather balloon is about 2 meters wide when it is near the ground. It grows to about 6 meters wide at higher altitudes. Which change most likely makes the balloon become wider at higher altitudes?	5	1.7999999999999998	0.0	0.0	0.87316024576425
 A weather balloon is about 2 meters wide when it is near the ground. It grows to about 6 meters wide at higher altitudes. Which change most likely makes the balloon become wider at higher altitudes?	6	0.0	1.2	0.0	1.8
 A weather balloon is about 2 meters wide when it is near the ground. It grows to about 6 meters wide at higher altitudes. Which change most likely makes the balloon become wider at higher altitudes?	7	0.5874100719424461	0.6	0.0	1.8
 A weather balloon is about 2 meters wide when it is near the ground. It grows to about 6 meters wide at higher altitudes. Which change most likely makes the balloon become wider at higher altitudes?	8	0.0	0.0	0.0	0.0
 A weather balloon is about 2 meters wide when it is near the ground. It grows to about 6 meters wide at higher altitudes. Which change most likely makes the balloon become wider at higher altitudes?	9	0.0	0.6	0.0	2.1
 A weather balloon is about 2 meters wide when it is near the ground. It grows to about 6 meters wide at higher altitudes. Which change most likely makes the balloon become wider at higher altitudes?	10	0.0	0.0	0.0	0.0
 A weather balloon is about 2 meters wide when it is near the ground. It grows to about 6 meters wide at higher altitudes. Which change most likely makes the balloon become wider at higher altitudes?	11	0.6	0.34371497988425526	0.0	1.1592874497106382
 A weather balloon is about 2 meters wide when it is near the ground. It grows to about 6 meters wide at higher altitudes. Which change most likely makes the balloon become wider at higher altitudes?	12	0.0	0.0	0.0	0.0
 A weather balloon is about 2 meters wide when it is near the ground. It grows to about 6 meters wide at higher altitudes. Which change most likely makes the balloon become wider at higher altitudes?	13	0.0	0.6	0.0	2.1
 A weather balloon is about 2 meters wide when it is near the ground. It grows to about 6 meters wide at higher altitudes. Which change most likely makes the balloon become wider at higher altitudes?	14	0.0	0.0	0.0	0.0
 A weather balloon is about 2 meters wide when it is near the ground. It grows to about 6 meters wide at higher altitudes. Which change most likely makes the balloon become wider at higher altitudes?	15	0.0	0.0	0.0	0.0
 A weather balloon is about 2 meters wide when it is near the ground. It grows to about 6 meters wide at higher altitudes. Which change most likely makes the balloon become wider at higher altitudes?	16	0.0	0.0	0.0	0.0
 A weather balloon is about 2 meters wide when it is near the ground. It grows to about 6 meters wide at higher altitudes. Which change most likely makes the balloon become wider at higher altitudes?	17	0.0	0.0	0.0	0.0
 A weather balloon is about 2 meters wide when it is near the ground. It grows to about 6 meters wide at higher altitudes. Which change most likely makes the balloon become wider at higher altitudes?	18	0.0	0.0	0.0	0.0
 A weather balloon is about 2 meters wide when it is near the ground. It grows to about 6 meters wide at higher altitudes. Which change most likely makes the balloon become wider at higher altitudes?	19	0.6	0.6	0.0	1.8
 A weather balloon is about 2 meters wide when it is near the ground. It grows to about 6 meters wide at higher altitudes. Which change most likely makes the balloon become wider at higher altitudes?	20	0.0	0.0	0.0	0.0
 A weather balloon is about 2 meters wide when it is near the ground. It grows to about 6 meters wide at higher altitudes. Which change most likely makes the balloon become wider at higher altitudes?	21	0.0	0.0	0.0	0.0
 A weather balloon is about 2 meters wide when it is near the ground. It grows to about 6 meters wide at higher altitudes. Which change most likely makes the balloon become wider at higher altitudes?	22	0.0	0.6	0.0	1.6537229944930094
 A weather balloon is about 2 meters wide when it is near the ground. It grows to about 6 meters wide at higher altitudes. Which change most likely makes the balloon become wider at higher altitudes?	23	0.0	0.0	0.0	0.0
 A weather balloon is about 2 meters wide when it is near the ground. It grows to about 6 meters wide at higher altitudes. Which change most likely makes the balloon become wider at higher altitudes?	24	1.2	0.0	0.0	1.1332489858272472
 A weather balloon is about 2 meters wide when it is near the ground. It grows to about 6 meters wide at higher altitudes. Which change most likely makes the balloon become wider at higher altitudes?	25	0.0	0.6	0.0	1.9718574899421277
 A weather balloon is about 2 meters wide when it is near the ground. It grows to about 6 meters wide at higher altitudes. Which change most likely makes the balloon become wider at higher altitudes?	26	0.0	0.0	0.0	1.961564017734763
 A weather balloon is about 2 meters wide when it is near the ground. It grows to about 6 meters wide at higher altitudes. Which change most likely makes the balloon become wider at higher altitudes?	27	0.0	0.6	0.0	2.1
 A weather balloon is about 2 meters wide when it is near the ground. It grows to about 6 meters wide at higher altitudes. Which change most likely makes the balloon become wider at higher altitudes?	28	0.0	0.0	0.0	0.0
 A weather balloon is about 2 meters wide when it is near the ground. It grows to about 6 meters wide at higher altitudes. Which change most likely makes the balloon become wider at higher altitudes?	29	0.0	0.0	0.0	0.0
 A weather balloon is about 2 meters wide when it is near the ground. It grows to about 6 meters wide at higher altitudes. Which change most likely makes the balloon become wider at higher altitudes?	30	0.0	0.0	0.0	0.0
 A weather balloon is about 2 meters wide when it is near the ground. It grows to about 6 meters wide at higher altitudes. Which change most likely makes the balloon become wider at higher altitudes?	0	0.0	1.2	0.0	1.8
 A weather balloon is about 2 meters wide when it is near the ground. It grows to about 6 meters wide at higher altitudes. Which change most likely makes the balloon become wider at higher altitudes?	1	1.2	0.6	0.0	1.5
 A weather balloon is about 2 meters wide when it is near the ground. It grows to about 6 meters wide at higher altitudes. Which change most likely makes the balloon become wider at higher altitudes?	2	1.2	0.0	0.0	1.8
 A weather balloon is about 2 meters wide when it is near the ground. It grows to about 6 meters wide at higher altitudes. Which change most likely makes the balloon become wider at higher altitudes?	3	0.0	0.0	0.0	2.2839514370486746
 A weather balloon is about 2 meters wide when it is near the ground. It grows to about 6 meters wide at higher altitudes. Which change most likely makes the balloon become wider at higher altitudes?	4	0.0	0.0	0.0	0.0
 A weather balloon is about 2 meters wide when it is near the ground. It grows to about 6 meters wide at higher altitudes. Which change most likely makes the balloon become wider at higher altitudes?	5	1.7999999999999998	0.0	0.0	0.87316024576425
 A weather balloon is about 2 meters wide when it is near the ground. It grows to about 6 meters wide at higher altitudes. Which change most likely makes the balloon become wider at higher altitudes?	6	0.0	1.2	0.0	1.8
 A weather balloon is about 2 meters wide when it is near the ground. It grows to about 6 meters wide at higher altitudes. Which change most likely makes the balloon become wider at higher altitudes?	7	0.5874100719424461	0.6	0.0	1.8
 A weather balloon is about 2 meters wide when it is near the ground. It grows to about 6 meters wide at higher altitudes. Which change most likely makes the balloon become wider at higher altitudes?	8	0.0	0.0	0.0	0.0
 A weather balloon is about 2 meters wide when it is near the ground. It grows to about 6 meters wide at higher altitudes. Which change most likely makes the balloon become wider at higher altitudes?	9	0.0	0.6	0.0	2.1
 A weather balloon is about 2 meters wide when it is near the ground. It grows to about 6 meters wide at higher altitudes. Which change most likely makes the balloon become wider at higher altitudes?	10	0.0	0.0	0.0	0.0
 A weather balloon is about 2 meters wide when it is near the ground. It grows to about 6 meters wide at higher altitudes. Which change most likely makes the balloon become wider at higher altitudes?	11	0.6	0.34371497988425526	0.0	1.1592874497106382
 A weather balloon is about 2 meters wide when it is near the ground. It grows to about 6 meters wide at higher altitudes. Which change most likely makes the balloon become wider at higher altitudes?	12	0.0	0.0	0.0	0.0
 A weather balloon is about 2 meters wide when it is near the ground. It grows to about 6 meters wide at higher altitudes. Which change most likely makes the balloon become wider at higher altitudes?	13	0.0	0.6	0.0	2.1
 A weather balloon is about 2 meters wide when it is near the ground. It grows to about 6 meters wide at higher altitudes. Which change most likely makes the balloon become wider at higher altitudes?	14	0.0	0.0	0.0	0.0
 A weather balloon is about 2 meters wide when it is near the ground. It grows to about 6 meters wide at higher altitudes. Which change most likely makes the balloon become wider at higher altitudes?	15	0.0	0.0	0.0	0.0
 A weather balloon is about 2 meters wide when it is near the ground. It grows to about 6 meters wide at higher altitudes. Which change most likely makes the balloon become wider at higher altitudes?	16	0.0	0.0	0.0	0.0
 A weather balloon is about 2 meters wide when it is near the ground. It grows to about 6 meters wide at higher altitudes. Which change most likely makes the balloon become wider at higher altitudes?	17	0.0	0.0	0.0	0.0
 A weather balloon is about 2 meters wide when it is near the ground. It grows to about 6 meters wide at higher altitudes. Which change most likely makes the balloon become wider at higher altitudes?	18	0.0	0.0	0.0	0.0
 A weather balloon is about 2 meters wide when it is near the ground. It grows to about 6 meters wide at higher altitudes. Which change most likely makes the balloon become wider at higher altitudes?	19	0.6	0.6	0.0	1.8
 A weather balloon is about 2 meters wide when it is near the ground. It grows to about 6 meters wide at higher altitudes. Which change most likely makes the balloon become wider at higher altitudes?	20	0.0	0.0	0.0	0.0
 A weather balloon is about 2 meters wide when it is near the ground. It grows to about 6 meters wide at higher altitudes. Which change most likely makes the balloon become wider at higher altitudes?	21	0.0	0.0	0.0	0.0
 A weather balloon is about 2 meters wide when it is near the ground. It grows to about 6 meters wide at higher altitudes. Which change most likely makes the balloon become wider at higher altitudes?	22	0.0	0.6	0.0	1.6537229944930094
 A weather balloon is about 2 meters wide when it is near the ground. It grows to about 6 meters wide at higher altitudes. Which change most likely makes the balloon become wider at higher altitudes?	23	0.0	0.0	0.0	0.0
 A weather balloon is about 2 meters wide when it is near the ground. It grows to about 6 meters wide at higher altitudes. Which change most likely makes the balloon become wider at higher altitudes?	24	1.2	0.0	0.0	1.1332489858272472
 A weather balloon is about 2 meters wide when it is near the ground. It grows to about 6 meters wide at higher altitudes. Which change most likely makes the balloon become wider at higher altitudes?	25	0.0	0.6	0.0	1.9718574899421277
 A weather balloon is about 2 meters wide when it is near the ground. It grows to about 6 meters wide at higher altitudes. Which change most likely makes the balloon become wider at higher altitudes?	26	0.0	0.0	0.0	1.961564017734763
 A weather balloon is about 2 meters wide when it is near the ground. It grows to about 6 meters wide at higher altitudes. Which change most likely makes the balloon become wider at higher altitudes?	27	0.0	0.6	0.0	2.1
 A weather balloon is about 2 meters wide when it is near the ground. It grows to about 6 meters wide at higher altitudes. Which change most likely makes the balloon become wider at higher altitudes?	28	0.0	0.0	0.0	0.0
 A weather balloon is about 2 meters wide when it is near the ground. It grows to about 6 meters wide at higher altitudes. Which change most likely makes the balloon become wider at higher altitudes?	29	0.0	0.0	0.0	0.0
 A weather balloon is about 2 meters wide when it is near the ground. It grows to about 6 meters wide at higher altitudes. Which change most likely makes the balloon become wider at higher altitudes?	30	0.0	0.0	0.0	0.0
 A weather balloon is about 2 meters wide when it is near the ground. It grows to about 6 meters wide at higher altitudes. Which change most likely makes the balloon become wider at higher altitudes?	0	4.2	0.6	0.0	0.0
 A weather balloon is about 2 meters wide when it is near the ground. It grows to about 6 meters wide at higher altitudes. Which change most likely makes the balloon become wider at higher altitudes?	0	0.0	1.2	0.0	1.8
 A weather balloon is about 2 meters wide when it is near the ground. It grows to about 6 meters wide at higher altitudes. Which change most likely makes the balloon become wider at higher altitudes?	1	0.6	0.6	0.0	1.648692489063371
 A weather balloon is about 2 meters wide when it is near the ground. It grows to about 6 meters wide at higher altitudes. Which change most likely makes the balloon become wider at higher altitudes?	2	0.6	0.6	0.0	1.8
 A weather balloon is about 2 meters wide when it is near the ground. It grows to about 6 meters wide at higher altitudes. Which change most likely makes the balloon become wider at higher altitudes?	3	0.0	0.0	0.0	2.2839514370486746
 A weather balloon is about 2 meters wide when it is near the ground. It grows to about 6 meters wide at higher altitudes. Which change most likely makes the balloon become wider at higher altitudes?	4	0.0	0.0	0.0	0.0
 A weather balloon is about 2 meters wide when it is near the ground. It grows to about 6 meters wide at higher altitudes. Which change most likely makes the balloon become wider at higher altitudes?	5	1.7999999999999998	0.0	0.0	0.87316024576425
 A weather balloon is about 2 meters wide when it is near the ground. It grows to about 6 meters wide at higher altitudes. Which change most likely makes the balloon become wider at higher altitudes?	6	0.0	0.6	0.0	1.9718574899421277
 A weather balloon is about 2 meters wide when it is near the ground. It grows to about 6 meters wide at higher altitudes. Which change most likely makes the balloon become wider at higher altitudes?	7	1.187410071942446	0.6	0.0	1.2194664390944547
 A weather balloon is about 2 meters wide when it is near the ground. It grows to about 6 meters wide at higher altitudes. Which change most likely makes the balloon become wider at higher altitudes?	8	0.39045590429001953	0.0	0.0	1.2402539479150028
 A weather balloon is about 2 meters wide when it is near the ground. It grows to about 6 meters wide at higher altitudes. Which change most likely makes the balloon become wider at higher altitudes?	9	0.0	0.6	0.0	2.1
 A weather balloon is about 2 meters wide when it is near the ground. It grows to about 6 meters wide at higher altitudes. Which change most likely makes the balloon become wider at higher altitudes?	10	0.0	0.0	0.0	0.0
 A weather balloon is about 2 meters wide when it is near the ground. It grows to about 6 meters wide at higher altitudes. Which change most likely makes the balloon become wider at higher altitudes?	11	0.6	0.34371497988425526	0.0	1.1592874497106382
 A weather balloon is about 2 meters wide when it is near the ground. It grows to about 6 meters wide at higher altitudes. Which change most likely makes the balloon become wider at higher altitudes?	12	0.0	0.0	0.0	0.0
 A weather balloon is about 2 meters wide when it is near the ground. It grows to about 6 meters wide at higher altitudes. Which change most likely makes the balloon become wider at higher altitudes?	13	0.0	0.6	0.0	1.9852098836959002
 A weather balloon is about 2 meters wide when it is near the ground. It grows to about 6 meters wide at higher altitudes. Which change most likely makes the balloon become wider at higher altitudes?	14	0.0	0.0	0.0	0.0
 A weather balloon is about 2 meters wide when it is near the ground. It grows to about 6 meters wide at higher altitudes. Which change most likely makes the balloon become wider at higher altitudes?	15	0.0	0.0	0.0	0.0
 A weather balloon is about 2 meters wide when it is near the ground. It grows to about 6 meters wide at higher altitudes. Which change most likely makes the balloon become wider at higher altitudes?	16	0.0	0.0	0.0	0.0
 A weather balloon is about 2 meters wide when it is near the ground. It grows to about 6 meters wide at higher altitudes. Which change most likely makes the balloon become wider at higher altitudes?	17	0.0	0.0	0.0	0.0
 A weather balloon is about 2 meters wide when it is near the ground. It grows to about 6 meters wide at higher altitudes. Which change most likely makes the balloon become wider at higher altitudes?	18	0.6	0.0	0.0	2.1
 A weather balloon is about 2 meters wide when it is near the ground. It grows to about 6 meters wide at higher altitudes. Which change most likely makes the balloon become wider at higher altitudes?	19	0.0	0.0	0.0	0.0
 A weather balloon is about 2 meters wide when it is near the ground. It grows to about 6 meters wide at higher altitudes. Which change most likely makes the balloon become wider at higher altitudes?	20	0.0	0.0	0.0	0.0
 A weather balloon is about 2 meters wide when it is near the ground. It grows to about 6 meters wide at higher altitudes. Which change most likely makes the balloon become wider at higher altitudes?	21	0.0	0.0	0.0	0.0
 A weather balloon is about 2 meters wide when it is near the ground. It grows to about 6 meters wide at higher altitudes. Which change most likely makes the balloon become wider at higher altitudes?	22	0.0	0.0	0.0	0.0
 A weather balloon is about 2 meters wide when it is near the ground. It grows to about 6 meters wide at higher altitudes. Which change most likely makes the balloon become wider at higher altitudes?	23	1.2	0.0	0.0	1.1332489858272472
 A weather balloon is about 2 meters wide when it is near the ground. It grows to about 6 meters wide at higher altitudes. Which change most likely makes the balloon become wider at higher altitudes?	24	0.0	0.6	0.0	1.9718574899421277
 A weather balloon is about 2 meters wide when it is near the ground. It grows to about 6 meters wide at higher altitudes. Which change most likely makes the balloon become wider at higher altitudes?	25	0.0	0.0	0.0	1.961564017734763
 A weather balloon is about 2 meters wide when it is near the ground. It grows to about 6 meters wide at higher altitudes. Which change most likely makes the balloon become wider at higher altitudes?	26	0.0	0.0	0.0	2.303688827276042
 A weather balloon is about 2 meters wide when it is near the ground. It grows to about 6 meters wide at higher altitudes. Which change most likely makes the balloon become wider at higher altitudes?	27	0.0	0.0	0.0	0.0
 A weather balloon is about 2 meters wide when it is near the ground. It grows to about 6 meters wide at higher altitudes. Which change most likely makes the balloon become wider at higher altitudes?	28	0.0	0.0	0.0	0.0
 A weather balloon is about 2 meters wide when it is near the ground. It grows to about 6 meters wide at higher altitudes. Which change most likely makes the balloon become wider at higher altitudes?	29	0.0	0.0	0.0	0.0
 A weather balloon is about 2 meters wide when it is near the ground. It grows to about 6 meters wide at higher altitudes. Which change most likely makes the balloon become wider at higher altitudes?	0	0.0	1.2	0.0	1.8
 A weather balloon is about 2 meters wide when it is near the ground. It grows to about 6 meters wide at higher altitudes. Which change most likely makes the balloon become wider at higher altitudes?	1	1.2	0.6	0.0	1.5
 A weather balloon is about 2 meters wide when it is near the ground. It grows to about 6 meters wide at higher altitudes. Which change most likely makes the balloon become wider at higher altitudes?	2	0.6	0.6	0.0	1.8
 A weather balloon is about 2 meters wide when it is near the ground. It grows to about 6 meters wide at higher altitudes. Which change most likely makes the balloon become wider at higher altitudes?	3	0.0	0.0	0.0	2.2839514370486746
 A weather balloon is about 2 meters wide when it is near the ground. It grows to about 6 meters wide at higher altitudes. Which change most likely makes the balloon become wider at higher altitudes?	4	0.0	0.0	0.0	0.0
 A weather balloon is about 2 meters wide when it is near the ground. It grows to about 6 meters wide at higher altitudes. Which change most likely makes the balloon become wider at higher altitudes?	5	1.7999999999999998	0.0	0.0	0.87316024576425
 A weather balloon is about 2 meters wide when it is near the ground. It grows to about 6 meters wide at higher altitudes. Which change most likely makes the balloon become wider at higher altitudes?	6	0.0	0.6	0.0	2.1
 A weather balloon is about 2 meters wide when it is near the ground. It grows to about 6 meters wide at higher altitudes. Which change most likely makes the balloon become wider at higher altitudes?	7	0.5874100719424461	0.6	0.0	1.8
 A weather balloon is about 2 meters wide when it is near the ground. It grows to about 6 meters wide at higher altitudes. Which change most likely makes the balloon become wider at higher altitudes?	8	0.0	0.0	0.0	0.0
 A weather balloon is about 2 meters wide when it is near the ground. It grows to about 6 meters wide at higher altitudes. Which change most likely makes the balloon become wider at higher altitudes?	9	0.0	0.6	0.0	2.1
 A weather balloon is about 2 meters wide when it is near the ground. It grows to about 6 meters wide at higher altitudes. Which change most likely makes the balloon become wider at higher altitudes?	10	0.0	0.0	0.0	0.0
 A weather balloon is about 2 meters wide when it is near the ground. It grows to about 6 meters wide at higher altitudes. Which change most likely makes the balloon become wider at higher altitudes?	11	0.6	0.34371497988425526	0.0	1.1592874497106382
 A weather balloon is about 2 meters wide when it is near the ground. It grows to about 6 meters wide at higher altitudes. Which change most likely makes the balloon become wider at higher altitudes?	12	0.0	0.0	0.0	0.0
 A weather balloon is about 2 meters wide when it is near the ground. It grows to about 6 meters wide at higher altitudes. Which change most likely makes the balloon become wider at higher altitudes?	13	0.0	1.2	0.0	1.8
 A weather balloon is about 2 meters wide when it is near the ground. It grows to about 6 meters wide at higher altitudes. Which change most likely makes the balloon become wider at higher altitudes?	14	0.0	0.0	0.0	0.0
 A weather balloon is about 2 meters wide when it is near the ground. It grows to about 6 meters wide at higher altitudes. Which change most likely makes the balloon become wider at higher altitudes?	15	0.0	0.0	0.0	0.0
 A weather balloon is about 2 meters wide when it is near the ground. It grows to about 6 meters wide at higher altitudes. Which change most likely makes the balloon become wider at higher altitudes?	16	0.0	0.0	0.0	0.0
 A weather balloon is about 2 meters wide when it is near the ground. It grows to about 6 meters wide at higher altitudes. Which change most likely makes the balloon become wider at higher altitudes?	17	0.0	0.0	0.0	0.0
 A weather balloon is about 2 meters wide when it is near the ground. It grows to about 6 meters wide at higher altitudes. Which change most likely makes the balloon become wider at higher altitudes?	18	0.0	0.6	0.0	2.1
 A weather balloon is about 2 meters wide when it is near the ground. It grows to about 6 meters wide at higher altitudes. Which change most likely makes the balloon become wider at higher altitudes?	19	0.0	0.0	0.0	0.0
 A weather balloon is about 2 meters wide when it is near the ground. It grows to about 6 meters wide at higher altitudes. Which change most likely makes the balloon become wider at higher altitudes?	20	0.0	0.0	0.0	0.0
 A weather balloon is about 2 meters wide when it is near the ground. It grows to about 6 meters wide at higher altitudes. Which change most likely makes the balloon become wider at higher altitudes?	21	0.0	0.6	0.0	1.6537229944930094
 A weather balloon is about 2 meters wide when it is near the ground. It grows to about 6 meters wide at higher altitudes. Which change most likely makes the balloon become wider at higher altitudes?	22	0.0	0.0	0.0	0.0
 A weather balloon is about 2 meters wide when it is near the ground. It grows to about 6 meters wide at higher altitudes. Which change most likely makes the balloon become wider at higher altitudes?	23	1.2	0.0	0.0	1.1332489858272472
 A weather balloon is about 2 meters wide when it is near the ground. It grows to about 6 meters wide at higher altitudes. Which change most likely makes the balloon become wider at higher altitudes?	24	0.0	0.6	0.0	1.9718574899421277
 A weather balloon is about 2 meters wide when it is near the ground. It grows to about 6 meters wide at higher altitudes. Which change most likely makes the balloon become wider at higher altitudes?	25	0.0	0.0	0.0	1.961564017734763
 A weather balloon is about 2 meters wide when it is near the ground. It grows to about 6 meters wide at higher altitudes. Which change most likely makes the balloon become wider at higher altitudes?	26	0.0	0.6	0.0	2.1
 A weather balloon is about 2 meters wide when it is near the ground. It grows to about 6 meters wide at higher altitudes. Which change most likely makes the balloon become wider at higher altitudes?	27	0.0	0.0	0.0	0.0
 A weather balloon is about 2 meters wide when it is near the ground. It grows to about 6 meters wide at higher altitudes. Which change most likely makes the balloon become wider at higher altitudes?	28	0.0	0.0	0.0	0.0
 A weather balloon is about 2 meters wide when it is near the ground. It grows to about 6 meters wide at higher altitudes. Which change most likely makes the balloon become wider at higher altitudes?	29	0.0	0.0	0.0	0.0
